{"options":{},"indexes":[{"v":{"$numberInt":"2"},"key":{"_id":{"$numberInt":"1"}},"name":"_id_","ns":"rocketxpress.pincodes"},{"v":{"$numberInt":"2"},"key":{"country_id":{"$numberInt":"1"},"city_id":{"$numberInt":"1"},"postal_code":{"$numberInt":"1"},"state_id":{"$numberInt":"1"}},"name":"country_id_1_city_id_1_postal_code_1_state_id_1_autocreated","ns":"rocketxpress.pincodes"},{"v":{"$numberInt":"2"},"key":{"postal_code":{"$numberInt":"1"}},"name":"postal_code_1_autocreated","ns":"rocketxpress.pincodes"}],"uuid":"41ec3358c4004c2db652de9f4339b720"}