{"options":{},"indexes":[{"v":{"$numberInt":"2"},"key":{"_id":{"$numberInt":"1"}},"name":"_id_","ns":"rocketxpress.shipments"},{"v":{"$numberInt":"2"},"key":{"customer_id":{"$numberInt":"1"},"shipment_id":{"$numberInt":"1"},"status":{"$numberInt":"1"}},"name":"customer_id_1_shipment_id_1_status_1_autocreated","ns":"rocketxpress.shipments"},{"v":{"$numberInt":"2"},"key":{"shipment_id":{"$numberInt":"1"}},"name":"shipment_id_1_autocreated","ns":"rocketxpress.shipments"}],"uuid":"50396c2698a84135a8fdde9378248596"}