{"options":{},"indexes":[{"v":{"$numberInt":"2"},"key":{"_id":{"$numberInt":"1"}},"name":"_id_","ns":"rocketxpress.wallet_transactions"},{"v":{"$numberInt":"2"},"key":{"customer_id":{"$numberDouble":"1.0"},"payment_type":{"$numberDouble":"1.0"},"amount":{"$numberDouble":"1.0"}},"name":"customer_id_1_payment_type_1_amount_1","ns":"rocketxpress.wallet_transactions"},{"v":{"$numberInt":"2"},"key":{"customer_id":{"$numberDouble":"1.0"},"payment_type":{"$numberDouble":"1.0"}},"name":"customer_id_1_payment_type_1","ns":"rocketxpress.wallet_transactions"},{"v":{"$numberInt":"2"},"key":{"payment_type":{"$numberInt":"1"},"created":{"$numberInt":"1"}},"name":"payment_type_1_created_1_autocreated","ns":"rocketxpress.wallet_transactions"},{"v":{"$numberInt":"2"},"key":{"customer_id":{"$numberDouble":"1.0"}},"name":"customer_id_1","ns":"rocketxpress.wallet_transactions"}],"uuid":"37b08077f3144eef923af1c268b20d53"}