{"options":{},"indexes":[{"v":{"$numberInt":"2"},"key":{"_id":{"$numberInt":"1"}},"name":"_id_","ns":"connectingmiles.address_book"},{"v":{"$numberInt":"2"},"unique":true,"key":{"address_id":{"$numberInt":"1"}},"name":"address_id_1","background":true,"ns":"connectingmiles.address_book"},{"v":{"$numberInt":"2"},"key":{"customer_id":{"$numberDouble":"1.0"},"_fts":"text","_ftsx":{"$numberInt":"1"}},"name":"customer_id_1_warehouse_id_text","weights":{"warehouse_id":{"$numberInt":"1"}},"default_language":"english","language_override":"language","ns":"connectingmiles.address_book","textIndexVersion":{"$numberInt":"3"}}],"uuid":"7372eb7884bf4788aeb5fc3f9b93d593"}