{"options":{},"indexes":[{"v":{"$numberInt":"2"},"key":{"_id":{"$numberInt":"1"}},"name":"_id_","ns":"connectingmiles.cities"},{"v":{"$numberInt":"2"},"key":{"country_id":{"$numberInt":"1"},"city_name":{"$numberInt":"1"},"state_id":{"$numberInt":"1"}},"name":"country_id_1_city_name_1_state_id_1_autocreated","ns":"connectingmiles.cities"},{"v":{"$numberInt":"2"},"key":{"city_id":{"$numberInt":"1"}},"name":"city_id_1_autocreated","ns":"connectingmiles.cities"},{"v":{"$numberInt":"2"},"key":{"country_id":{"$numberDouble":"1.0"},"state_id":{"$numberDouble":"1.0"},"city_id":{"$numberDouble":"1.0"}},"name":"country_id_1_state_id_1_city_id_1","ns":"connectingmiles.cities"},{"v":{"$numberInt":"2"},"key":{"city_name":{"$numberDouble":"1.0"}},"name":"city_name_1","ns":"connectingmiles.cities"}],"uuid":"e5164d0b66c445bfb885ea69af711604"}