{"options":{},"indexes":[{"v":{"$numberInt":"2"},"key":{"_id":{"$numberInt":"1"}},"name":"_id_","ns":"connectingmiles.pincodes"},{"v":{"$numberInt":"2"},"key":{"country_id":{"$numberInt":"1"},"city_id":{"$numberInt":"1"},"postal_code":{"$numberInt":"1"},"state_id":{"$numberInt":"1"}},"name":"country_id_1_city_id_1_postal_code_1_state_id_1_autocreated","ns":"connectingmiles.pincodes"},{"v":{"$numberInt":"2"},"key":{"postal_code":{"$numberDouble":"1.0"}},"name":"postal_code_1","ns":"connectingmiles.pincodes"}],"uuid":"2d3e7e3d5cb14652b547770c7d01ba95"}