{"options":{},"indexes":[{"v":{"$numberInt":"2"},"key":{"_id":{"$numberInt":"1"}},"name":"_id_","ns":"connectingmiles.product_source_destination"},{"v":{"$numberInt":"2"},"key":{"destination_pincode":{"$numberInt":"1"},"source_city_id":{"$numberInt":"1"}},"name":"destination_pincode_1_source_city_id_1_autocreated","ns":"connectingmiles.product_source_destination"},{"v":{"$numberInt":"2"},"key":{"carrier_id":{"$numberInt":"1"},"destination_pincode":{"$numberInt":"1"},"product_id":{"$numberInt":"1"},"source_city_id":{"$numberInt":"1"}},"name":"carrier_id_1_destination_pincode_1_product_id_1_source_city_id_1_autocreated","ns":"connectingmiles.product_source_destination"}],"uuid":"ad3c6d2fe57b4e53aae19f3150ab78e6"}