{"options":{},"indexes":[{"v":{"$numberInt":"2"},"key":{"_id":{"$numberInt":"1"}},"name":"_id_","ns":"connectingmiles.shipments"},{"v":{"$numberInt":"2"},"key":{"customer_id":{"$numberDouble":"1.0"}},"name":"customer_id_1","ns":"connectingmiles.shipments"},{"v":{"$numberInt":"2"},"key":{"dstatus":{"$numberDouble":"1.0"}},"name":"dstatus_1","ns":"connectingmiles.shipments"},{"v":{"$numberInt":"2"},"key":{"shipment_id":{"$numberDouble":"1.0"}},"name":"shipment_id_1","ns":"connectingmiles.shipments"},{"v":{"$numberInt":"2"},"key":{"carrier_type":{"$numberDouble":"1.0"}},"name":"carrier_type_1","ns":"connectingmiles.shipments"},{"v":{"$numberInt":"2"},"key":{"status":{"$numberDouble":"1.0"}},"name":"status_1","ns":"connectingmiles.shipments"},{"v":{"$numberInt":"2"},"key":{"_fts":"text","_ftsx":{"$numberInt":"1"}},"name":"order_number_text","ns":"connectingmiles.shipments","weights":{"order_number":{"$numberInt":"1"}},"default_language":"english","language_override":"language","textIndexVersion":{"$numberInt":"3"}},{"v":{"$numberInt":"2"},"key":{"current_shipment_status":{"$numberDouble":"1.0"}},"name":"current_shipment_status_1","ns":"connectingmiles.shipments"},{"v":{"$numberInt":"2"},"key":{"order_date":{"$numberDouble":"1.0"}},"name":"order_date_1","ns":"connectingmiles.shipments"},{"v":{"$numberInt":"2"},"key":{"payment_mode":{"$numberDouble":"1.0"}},"name":"payment_mode_1","ns":"connectingmiles.shipments"},{"v":{"$numberInt":"2"},"key":{"address_id":{"$numberDouble":"1.0"}},"name":"address_id_1","ns":"connectingmiles.shipments"},{"v":{"$numberInt":"2"},"key":{"customer_id":{"$numberDouble":"1.0"},"dstatus":{"$numberDouble":"1.0"},"carrier_type":{"$numberDouble":"1.0"},"order_number":{"$numberDouble":"1.0"}},"name":"customer_id_1_dstatus_1_carrier_type_1_order_number_1","ns":"connectingmiles.shipments"},{"v":{"$numberInt":"2"},"key":{"order_date":{"$numberDouble":"1.0"},"customer_id":{"$numberDouble":"1.0"}},"name":"order_date_1_customer_id_1","ns":"connectingmiles.shipments"},{"v":{"$numberInt":"2"},"key":{"payment_mode":{"$numberDouble":"1.0"},"status":{"$numberDouble":"1.0"}},"name":"payment_mode_1_status_1","ns":"connectingmiles.shipments"},{"v":{"$numberInt":"2"},"key":{"customer_id":{"$numberDouble":"1.0"},"dstatus":{"$numberDouble":"1.0"},"carrier_type":{"$numberDouble":"1.0"}},"name":"customer_id_1_dstatus_1_carrier_type_1","ns":"connectingmiles.shipments"}],"uuid":"6e1b3730caab450caa9b674e179bbf24"}